{"cameraMode":{"drawMode":0,"name":"Shaded","section":"Shading Mode"},"sceneLighting":false,"audioPlay":false,"sceneViewState":{"showFog":true,"showMaterialUpdate":false,"showSkybox":false,"showFlares":true,"showImageEffects":true,"showParticleSystems":true},"in2DMode":false,"pivot":{"x":-5.1979522705078129,"y":3.9105727672576906,"z":-1.0106796026229859},"rotation":{"x":0.21354873478412629,"y":0.6034862399101257,"z":-0.17210853099822999,"w":0.748838484287262},"size":0.75,"orthographic":false}