{"cameraMode":{"drawMode":0,"name":"Shaded","section":"Shading Mode"},"sceneLighting":false,"audioPlay":false,"sceneViewState":{"showFog":true,"showMaterialUpdate":false,"showSkybox":false,"showFlares":true,"showImageEffects":true,"showParticleSystems":true},"in2DMode":false,"pivot":{"x":11.971883773803711,"y":1.2458425760269166,"z":14.153775215148926},"rotation":{"x":0.22039736807346345,"y":0.6688867211341858,"z":-0.21819326281547547,"w":0.675710141658783},"size":0.8660253882408142,"orthographic":false}