{"cameraMode":{"drawMode":0,"name":"Shaded","section":"Shading Mode"},"sceneLighting":false,"audioPlay":false,"sceneViewState":{"showFog":true,"showMaterialUpdate":false,"showSkybox":false,"showFlares":true,"showImageEffects":true,"showParticleSystems":true},"in2DMode":false,"pivot":{"x":43.040306091308597,"y":-18.68436622619629,"z":29.179977416992189},"rotation":{"x":0.23074303567409516,"y":0.0003247466520406306,"z":-0.000163822784088552,"w":0.9731807112693787},"size":30.743820190429689,"orthographic":false}