{"cameraMode":{"drawMode":0,"name":"Shaded","section":"Shading Mode"},"sceneLighting":false,"audioPlay":false,"sceneViewState":{"showFog":true,"showMaterialUpdate":false,"showSkybox":false,"showFlares":true,"showImageEffects":true,"showParticleSystems":true},"in2DMode":false,"pivot":{"x":-0.25333333015441897,"y":1.9476842880249024,"z":0.3311367630958557},"rotation":{"x":0.462001234292984,"y":0.5369433164596558,"z":-0.47554346919059756,"w":0.521701455116272},"size":3.011643886566162,"orthographic":false}